epoch,loss,mean_squared_error,val_loss,val_mean_squared_error
0,-0.678542599802761,0.20704730166714447,-0.6670806926773529,0.5282367409224448
1,-0.7081428035449169,0.09739344645172363,-0.6831237360209701,0.3918759585634499
