epoch,loss,mean_squared_error,val_loss,val_mean_squared_error
0,-0.6765316478200623,0.2276579149597233,-0.6245516480395487,0.8091020359402973
1,-0.709363274768649,0.06007614825385131,-0.6676629744631855,0.5923561089376982
