epoch,loss,mean_squared_error,val_loss,val_mean_squared_error
0,-0.678542599802761,0.20704730166714447,-0.6670806926773529,0.5282367409224448
1,-0.7081428035449169,0.09739344645172363,-0.6831237360209701,0.3918759585634499
0,-0.0033623166669322522,0.23322061966156885,-0.003470852191776134,0.37007476185769683
1,-0.003548511321081177,0.07322560160560639,-0.0035191221554599977,0.25016439204533203
0,-0.68172304892949,0.17765332619775046,-0.7049020222378122,0.2716979558502294
1,-0.7098047440643103,0.06951413349970438,-0.7134603423332049,0.12803274581363486
0,-0.6778633591944652,0.203971912853766,-0.6225745498098961,0.7688527386285117
